Symbol,Name,Sector,Market Cap
A,Stock USA,Unknown,500000000
AA,Stock USA,Unknown,500000000
AACB,Stock USA,Unknown,500000000
AACBR,Stock USA,Unknown,500000000
AACG,Stock USA,Unknown,500000000
AAL,Stock USA,Unknown,500000000
AAME,Stock USA,Unknown,500000000
AAMI,Stock USA,Unknown,500000000
AAOI,Stock USA,Unknown,500000000
AAON,Stock USA,Unknown,500000000
AAP,Stock USA,Unknown,500000000
AAPG,Stock USA,Unknown,500000000
AAPL,Stock USA,Unknown,500000000
AARD,Stock USA,Unknown,500000000
AAT,Stock USA,Unknown,500000000
AAUC,Stock USA,Unknown,500000000
AB,Stock USA,Unknown,500000000
ABAT,Stock USA,Unknown,500000000
ABBV,Stock USA,Unknown,500000000
ABCB,Stock USA,Unknown,500000000
ABCL,Stock USA,Unknown,500000000
ABEO,Stock USA,Unknown,500000000
ABEV,Stock USA,Unknown,500000000
ABG,Stock USA,Unknown,500000000
ABLV,Stock USA,Unknown,500000000
ABLVW,Stock USA,Unknown,500000000
ABM,Stock USA,Unknown,500000000
ABNB,Stock USA,Unknown,500000000
ABOS,Stock USA,Unknown,500000000
ABP,Stock USA,Unknown,500000000
ABPWW,Stock USA,Unknown,500000000
ABR,Stock USA,Unknown,500000000
ABR^D,Stock USA,Unknown,500000000
ABR^E,Stock USA,Unknown,500000000
ABR^F,Stock USA,Unknown,500000000
ABSI,Stock USA,Unknown,500000000
ABT,Stock USA,Unknown,500000000
ABTC,Stock USA,Unknown,500000000
ABTS,Stock USA,Unknown,500000000
ABUS,Stock USA,Unknown,500000000
ABVC,Stock USA,Unknown,500000000
ABVE,Stock USA,Unknown,500000000
ABVEW,Stock USA,Unknown,500000000
ABVX,Stock USA,Unknown,500000000
ABX,Stock USA,Unknown,500000000
ABXL,Stock USA,Unknown,500000000
ACA,Stock USA,Unknown,500000000
ACAD,Stock USA,Unknown,500000000
ACB,Stock USA,Unknown,500000000
ACCL,Stock USA,Unknown,500000000
ACCO,Stock USA,Unknown,500000000
ACCS,Stock USA,Unknown,500000000
ACDC,Stock USA,Unknown,500000000
ACEL,Stock USA,Unknown,500000000
ACET,Stock USA,Unknown,500000000
ACFN,Stock USA,Unknown,500000000
ACGL,Stock USA,Unknown,500000000
ACGLN,Stock USA,Unknown,500000000
ACGLO,Stock USA,Unknown,500000000
ACH,Stock USA,Unknown,500000000
ACHC,Stock USA,Unknown,500000000
ACHR,Stock USA,Unknown,500000000
ACHV,Stock USA,Unknown,500000000
ACI,Stock USA,Unknown,500000000
ACIC,Stock USA,Unknown,500000000
ACIU,Stock USA,Unknown,500000000
ACIW,Stock USA,Unknown,500000000
ACLS,Stock USA,Unknown,500000000
ACLX,Stock USA,Unknown,500000000
ACM,Stock USA,Unknown,500000000
ACMR,Stock USA,Unknown,500000000
ACN,Stock USA,Unknown,500000000
ACNB,Stock USA,Unknown,500000000
ACNT,Stock USA,Unknown,500000000
ACOG,Stock USA,Unknown,500000000
ACON,Stock USA,Unknown,500000000
ACONW,Stock USA,Unknown,500000000
ACP,Stock USA,Unknown,500000000
ACP^A,Stock USA,Unknown,500000000
ACR,Stock USA,Unknown,500000000
ACR^C,Stock USA,Unknown,500000000
ACR^D,Stock USA,Unknown,500000000
ACRE,Stock USA,Unknown,500000000
ACRS,Stock USA,Unknown,500000000
ACRV,Stock USA,Unknown,500000000
ACT,Stock USA,Unknown,500000000
ACTG,Stock USA,Unknown,500000000
ACTU,Stock USA,Unknown,500000000
ACU,Stock USA,Unknown,500000000
ACV,Stock USA,Unknown,500000000
ACVA,Stock USA,Unknown,500000000
ACXP,Stock USA,Unknown,500000000
AD,Stock USA,Unknown,500000000
ADACU,Stock USA,Unknown,500000000
ADAG,Stock USA,Unknown,500000000
ADAM,Stock USA,Unknown,500000000
ADAMG,Stock USA,Unknown,500000000
ADAMH,Stock USA,Unknown,500000000
ADAMI,Stock USA,Unknown,500000000
ADAML,Stock USA,Unknown,500000000
ADAMM,Stock USA,Unknown,500000000
ADAMN,Stock USA,Unknown,500000000
ADAMO,Stock USA,Unknown,500000000
ADAMZ,Stock USA,Unknown,500000000
ADBE,Stock USA,Unknown,500000000
ADC,Stock USA,Unknown,500000000
ADC^A,Stock USA,Unknown,500000000
ADCT,Stock USA,Unknown,500000000
ADEA,Stock USA,Unknown,500000000
ADGM,Stock USA,Unknown,500000000
ADI,Stock USA,Unknown,500000000
ADIL,Stock USA,Unknown,500000000
ADM,Stock USA,Unknown,500000000
ADMA,Stock USA,Unknown,500000000
ADNT,Stock USA,Unknown,500000000
ADP,Stock USA,Unknown,500000000
ADPT,Stock USA,Unknown,500000000
ADSE,Stock USA,Unknown,500000000
ADSEW,Stock USA,Unknown,500000000
ADSK,Stock USA,Unknown,500000000
ADT,Stock USA,Unknown,500000000
ADTN,Stock USA,Unknown,500000000
ADTX,Stock USA,Unknown,500000000
ADUR,Stock USA,Unknown,500000000
ADUS,Stock USA,Unknown,500000000
ADV,Stock USA,Unknown,500000000
ADVB,Stock USA,Unknown,500000000
ADX,Stock USA,Unknown,500000000
ADXN,Stock USA,Unknown,500000000
AEAQ,Stock USA,Unknown,500000000
AEAQU,Stock USA,Unknown,500000000
AEAQW,Stock USA,Unknown,500000000
AEBI,Stock USA,Unknown,500000000
AEC,Stock USA,Unknown,500000000
AEE,Stock USA,Unknown,500000000
AEF,Stock USA,Unknown,500000000
AEFC,Stock USA,Unknown,500000000
AEG,Stock USA,Unknown,500000000
AEHL,Stock USA,Unknown,500000000
AEHR,Stock USA,Unknown,500000000
AEI,Stock USA,Unknown,500000000
AEIS,Stock USA,Unknown,500000000
AEM,Stock USA,Unknown,500000000
AEMD,Stock USA,Unknown,500000000
AENT,Stock USA,Unknown,500000000
AENTW,Stock USA,Unknown,500000000
AEO,Stock USA,Unknown,500000000
AEON,Stock USA,Unknown,500000000
AEP,Stock USA,Unknown,500000000
AER,Stock USA,Unknown,500000000
AERO,Stock USA,Unknown,500000000
AERT,Stock USA,Unknown,500000000
AERTW,Stock USA,Unknown,500000000
AES,Stock USA,Unknown,500000000
AESI,Stock USA,Unknown,500000000
AEVA,Stock USA,Unknown,500000000
AEVAW,Stock USA,Unknown,500000000
AEXA,Stock USA,Unknown,500000000
AEYE,Stock USA,Unknown,500000000
AFB,Stock USA,Unknown,500000000
AFBI,Stock USA,Unknown,500000000
AFCG,Stock USA,Unknown,500000000
AFG,Stock USA,Unknown,500000000
AFGB,Stock USA,Unknown,500000000
AFGC,Stock USA,Unknown,500000000
AFGD,Stock USA,Unknown,500000000
AFGE,Stock USA,Unknown,500000000
AFJK,Stock USA,Unknown,500000000
AFJKR,Stock USA,Unknown,500000000
AFJKU,Stock USA,Unknown,500000000
AFL,Stock USA,Unknown,500000000
AFRI,Stock USA,Unknown,500000000
AFRIW,Stock USA,Unknown,500000000
AFRM,Stock USA,Unknown,500000000
AFYA,Stock USA,Unknown,500000000
AG,Stock USA,Unknown,500000000
AGAE,Stock USA,Unknown,500000000
AGCC,Stock USA,Unknown,500000000
AGCO,Stock USA,Unknown,500000000
AGD,Stock USA,Unknown,500000000
AGEN,Stock USA,Unknown,500000000
AGH,Stock USA,Unknown,500000000
AGI,Stock USA,Unknown,500000000
AGIG,Stock USA,Unknown,500000000
AGIO,Stock USA,Unknown,500000000
AGL,Stock USA,Unknown,500000000
AGM,Stock USA,Unknown,500000000
AGM^D,Stock USA,Unknown,500000000
AGM^E,Stock USA,Unknown,500000000
AGM^F,Stock USA,Unknown,500000000
AGM^G,Stock USA,Unknown,500000000
AGM^H,Stock USA,Unknown,500000000
AGMB,Stock USA,Unknown,500000000
AGMH,Stock USA,Unknown,500000000
AGNC,Stock USA,Unknown,500000000
AGNCL,Stock USA,Unknown,500000000
AGNCM,Stock USA,Unknown,500000000
AGNCN,Stock USA,Unknown,500000000
AGNCO,Stock USA,Unknown,500000000
AGNCP,Stock USA,Unknown,500000000
AGNCZ,Stock USA,Unknown,500000000
AGO,Stock USA,Unknown,500000000
AGPU,Stock USA,Unknown,500000000
AGRO,Stock USA,Unknown,500000000
AGRZ,Stock USA,Unknown,500000000
AGX,Stock USA,Unknown,500000000
AGYS,Stock USA,Unknown,500000000
AHCO,Stock USA,Unknown,500000000
AHG,Stock USA,Unknown,500000000
AHH,Stock USA,Unknown,500000000
AHH^A,Stock USA,Unknown,500000000
AHL,Stock USA,Unknown,500000000
AHL^D,Stock USA,Unknown,500000000
AHL^E,Stock USA,Unknown,500000000
AHL^F,Stock USA,Unknown,500000000
AHMA,Stock USA,Unknown,500000000
AHR,Stock USA,Unknown,500000000
AHT,Stock USA,Unknown,500000000
AHT^D,Stock USA,Unknown,500000000
AHT^F,Stock USA,Unknown,500000000
AHT^G,Stock USA,Unknown,500000000
AHT^H,Stock USA,Unknown,500000000
AHT^I,Stock USA,Unknown,500000000
AI,Stock USA,Unknown,500000000
AIFF,Stock USA,Unknown,500000000
AIFU,Stock USA,Unknown,500000000
AIG,Stock USA,Unknown,500000000
AIHS,Stock USA,Unknown,500000000
AII,Stock USA,Unknown,500000000
AIIA,Stock USA,Unknown,500000000
AIIO,Stock USA,Unknown,500000000
AIIOW,Stock USA,Unknown,500000000
AIM,Stock USA,Unknown,500000000
AIMD,Stock USA,Unknown,500000000
AIMDW,Stock USA,Unknown,500000000
AIN,Stock USA,Unknown,500000000
AIO,Stock USA,Unknown,500000000
AIOT,Stock USA,Unknown,500000000
AIP,Stock USA,Unknown,500000000
AIR,Stock USA,Unknown,500000000
AIRE,Stock USA,Unknown,500000000
AIRG,Stock USA,Unknown,500000000
AIRI,Stock USA,Unknown,500000000
AIRJ,Stock USA,Unknown,500000000
AIRJW,Stock USA,Unknown,500000000
AIRO,Stock USA,Unknown,500000000
AIRS,Stock USA,Unknown,500000000
AIRT,Stock USA,Unknown,500000000
AIRTP,Stock USA,Unknown,500000000
AISP,Stock USA,Unknown,500000000
AISPW,Stock USA,Unknown,500000000
AIT,Stock USA,Unknown,500000000
AIV,Stock USA,Unknown,500000000
AIXC,Stock USA,Unknown,500000000
AIXI,Stock USA,Unknown,500000000
AIZ,Stock USA,Unknown,500000000
AIZN,Stock USA,Unknown,500000000
AJG,Stock USA,Unknown,500000000
AKA,Stock USA,Unknown,500000000
AKAM,Stock USA,Unknown,500000000
AKAN,Stock USA,Unknown,500000000
AKBA,Stock USA,Unknown,500000000
AKO/A,Stock USA,Unknown,500000000
AKO/B,Stock USA,Unknown,500000000
AKR,Stock USA,Unknown,500000000
AKTS,Stock USA,Unknown,500000000
AKTX,Stock USA,Unknown,500000000
AL,Stock USA,Unknown,500000000
ALAB,Stock USA,Unknown,500000000
ALAR,Stock USA,Unknown,500000000
ALB,Stock USA,Unknown,500000000
ALB^A,Stock USA,Unknown,500000000
ALBT,Stock USA,Unknown,500000000
ALC,Stock USA,Unknown,500000000
ALCO,Stock USA,Unknown,500000000
ALCY,Stock USA,Unknown,500000000
ALCYW,Stock USA,Unknown,500000000
ALDF,Stock USA,Unknown,500000000
ALDFW,Stock USA,Unknown,500000000
ALDX,Stock USA,Unknown,500000000
ALEC,Stock USA,Unknown,500000000
ALEX,Stock USA,Unknown,500000000
ALF,Stock USA,Unknown,500000000
ALFUW,Stock USA,Unknown,500000000
ALG,Stock USA,Unknown,500000000
ALGM,Stock USA,Unknown,500000000
ALGN,Stock USA,Unknown,500000000
ALGS,Stock USA,Unknown,500000000
ALGT,Stock USA,Unknown,500000000
ALH,Stock USA,Unknown,500000000
ALHC,Stock USA,Unknown,500000000
ALIS,Stock USA,Unknown,500000000
ALISR,Stock USA,Unknown,500000000
ALIT,Stock USA,Unknown,500000000
ALK,Stock USA,Unknown,500000000
ALKS,Stock USA,Unknown,500000000
ALKT,Stock USA,Unknown,500000000
ALL,Stock USA,Unknown,500000000
ALL^B,Stock USA,Unknown,500000000
ALL^H,Stock USA,Unknown,500000000
ALL^I,Stock USA,Unknown,500000000
ALL^J,Stock USA,Unknown,500000000
ALLE,Stock USA,Unknown,500000000
ALLO,Stock USA,Unknown,500000000
ALLR,Stock USA,Unknown,500000000
ALLT,Stock USA,Unknown,500000000
ALLY,Stock USA,Unknown,500000000
ALM,Stock USA,Unknown,500000000
ALMS,Stock USA,Unknown,500000000
ALMU,Stock USA,Unknown,500000000
ALNT,Stock USA,Unknown,500000000
ALNY,Stock USA,Unknown,500000000
ALOT,Stock USA,Unknown,500000000
ALOVU,Stock USA,Unknown,500000000
ALPS,Stock USA,Unknown,500000000
ALRM,Stock USA,Unknown,500000000
ALRS,Stock USA,Unknown,500000000
ALSN,Stock USA,Unknown,500000000
ALT,Stock USA,Unknown,500000000
ALTG,Stock USA,Unknown,500000000
ALTG^A,Stock USA,Unknown,500000000
ALTI,Stock USA,Unknown,500000000
